﻿Designator,Footprint,Quantity,Value,LCSC Part #
A1,Arduino_Nano,1,Arduino_Nano_v3.x,
"Attack, Decay, Harmonic, Tone",Pot_9mm_DShaft_RemovedPins4_5,4,100K,
"C1, C2, C3, C4, C5",C_Disc_D3.8mm_W2.6mm_P2.50mm,5,101,
C10,C_Disc_D3.8mm_W2.6mm_P2.50mm,1,222,
C6,C_Disc_D3.8mm_W2.6mm_P2.50mm,1,104,
C7,CP_Radial_D5.0mm_P2.50mm,1,10uF,
C8,C_Disc_D3.8mm_W2.6mm_P2.50mm,1,225,
C9,C_Disc_D3.8mm_W2.6mm_P2.50mm,1,474,
"D1, D2, D3, D4, D5, D6",D_DO-35_SOD27_P7.62mm_Horizontal,6,B43,
D7,LED_D5.0mm,1,LED,
J1,EighthInch_PJ398SM_T_TN_S,1,Tune In,
J2,Pins_2x08_2.54mm_TH_EuroPower_Shrouded,1,Eurorack_Power_16pin_Shrouded,
J3,EighthInch_PJ398SM_T_TN_S,1,A. Out,
J4,EighthInch_PJ398SM_T_TN_S,1,Trig In,
"R1, R10, R2, R3, R4, R5",R_Axial_DIN0207_L6.3mm_D2.5mm_P7.62mm_Horizontal,6,1K,
"R11, R9",R_Axial_DIN0207_L6.3mm_D2.5mm_P7.62mm_Horizontal,2,470,
"R6, R8",R_Axial_DIN0207_L6.3mm_D2.5mm_P7.62mm_Horizontal,2,100K,
R7,R_Axial_DIN0207_L6.3mm_D2.5mm_P7.62mm_Horizontal,1,33K,
